AUC,FAR_STOP,EER,AUC_CI_LOWER,AUC_CI_UPPER
0.872003412475,1,0.214799676759,0.853012298701,0.887960197739
