AUC,FAR_STOP,EER,AUC_CI_LOWER,AUC_CI_UPPER
0.517917299899,1,0.516900962513,0.492906285718,0.543279529006
