TaskID,NMM,MCC,BWL1,GWL1
manipulation,-0.090275248584,0.622960256257,0.0763902894196,0.12114231091
