TaskID,NMM,MCC,BWL1,GWL1
manipulation,-1.0,0.0160270630512,0.214064957804,0.122578652311
